year,month,topic,author,text,likes,reposts,replies,created_at
2025,January 2025,HS2,london.gov.uk,"By working with the new government, we‚Äôve already made progress on:

üöÑ HS2 finishing at Euston
üõçÔ∏è Oxford Street transformation
üöå TfL funding
üöî More funding for the Met

I‚Äôll continue to stand up for London to continue to build a fairer, safer and greener London for everyone.",247,33,6,2025-01-05T16:08:51.609Z
2025,January 2025,HS2,jonnelledge.bsky.social,"Unironically think they should bring back the north bits of HS2 under the name ""Queen Elizabeth High Speed Railway"" and then accuse anyone who opposes it of hating the late queen",215,29,13,2025-01-11T16:55:26.615Z
2025,January 2025,Sizewell C,pickardje.bsky.social,"the final price tag for building the planned Sizewell C nuclear power station in Suffolk is likely to reach close to ¬£40bn - double its ¬£20bn estimate in 2020 - according to people close to the negotiations over the flagship energy scheme

www.ft.com/content/0b48...",107,57,25,2025-01-14T08:02:39.066Z
2025,January 2025,Sizewell C,simonahac.bsky.social,"sizewell c, the #nuclear power plant that‚Äôs doubled in cost since 2020, yet hasn‚Äôt officially started construction!

~A$79,000,000,000!

hot on the heels of an existing construction project, this is $24,700/kW.

dutton reckons he can build it for $10,000/kW.

www.theguardian.com/business/202...",427,188,50,2025-01-14T12:59:52.680Z
2025,January 2025,Sizewell C,voicesofwentworth.bsky.social,"‚ÄúThe latest massive cost blowout at a planned nuclear power station in the UK demonstrates the absurdity of Peter Dutton's claims about #nuclear power in Australia‚Äù

The Sizewell C nuclear plant in Suffolk was costed at ¬£20B in 2020 & will now cost ¬£40B

www.crikey.com.au/2025/01/16/p...
#auspol",112,52,6,2025-01-16T11:51:43.535Z
2025,January 2025,New Hospital Programme,warrenoates1.bsky.social,"The Labour government have published their review of Johnson's New Hospital Programme which promised 40 new hospitals by 2030.

The basic finding: ""To put it simply - there were not 40 of them, they were not all new and many were not even hospitals.""

www.gov.uk/government/p...",379,188,25,2025-01-20T17:17:42.017Z
2025,January 2025,New Hospital Programme,lukepollard.bsky.social,"üö® Plymouth to receive new emergency department, the Health Secretary confirms.

Boris Johnson promised ‚Äò40 new hospitals‚Äô but not a single one had been constructed when the Tories left office. Funding was shockingly due to run out in March 2025.

Today Labour announced an honest, funded programme.",23,4,2,2025-01-20T17:50:13.081Z
2025,January 2025,New Hospital Programme,matthewhodson.bsky.social,"Excellent news!
New Government funding means 9 more Hospital Emergency Departments will offer opt-out HIV testing.
This programme has already connected over 1,000 people to HIV care - saving lives and preventing new infections.
This is how we end the epidemic!
www.tht.org.uk/news/new-fun...",41,6,0,2025-01-24T10:38:31.867Z
2025,January 2025,HS2,stephenkb.bsky.social,"Mary I of England said that when she died, ‚ÄúCalais‚Äù would be engraved on her heart. ‚ÄúHS2 was actually about capacity‚Äù will be engraved on mine.",433,59,21,2025-01-30T10:45:17.040Z
2025,February 2025,Sizewell C,drpauldorfman.bsky.social,"'Latest reported cost blow-out for the UK‚Äôs proposed Sizewell C nuclear plant further underlines that the Coalition‚Äôs proposal to bring nuclear power to Australia is unrealistic.'
#auspol #auspol24
ieefa.org/resources/ne...",33,8,3,2025-02-04T10:14:19.603Z
2025,February 2025,New Hospital Programme,joepowell.bsky.social,"This funding allows us to take that step and get the project back on track after the Conservative government removed it from the national 2030 New Hospital Programme in May 2023.

4/4",6,1,0,2025-02-05T10:48:35.707Z
2025,February 2025,New Hospital Programme,carolinejmolloy.bsky.social,"Hmm like certain magical thinking managers and commissioners? 

Exhibit A

(I might also point a finger of blame at the credulous & out of his depth hack (‚Äúwith only a little exaggeration‚Äù) & whoever at the BBC commissioned him to make a Panorama programme about how we don‚Äôt need hospitals any more",3,0,2,2025-02-07T19:39:38.571Z
2025,February 2025,Sizewell C,sdhamiltonvic.bsky.social,"‚ÄòThe latest reported cost blow-out for the UK‚Äôs proposed Sizewell C nuclear plant further underlines that the Coalition‚Äôs proposal to bring #nuclear power to Australia is unrealistic.‚Äô

Well that‚Äôs inconvenient, Mr Dutton.

#auspol #AusVotes25 #DontRiskDutton
ieefa.org/resources/ne...",201,98,8,2025-02-09T21:54:06.381Z
2025,February 2025,Sizewell C,mrdefenestrate.bsky.social,This whole article is great and worth reading in full but just the first couple of paragraphs are a great summary of the calamitous state of recent nuclear plant builds and how absurd it is that it's being floated as a serious solution.,22,13,1,2025-02-11T11:58:17.946Z
2025,February 2025,HS2,bylinesnetwork.co.uk,"HS2 was deemed an ‚ÄòEngland and Wales‚Äô project when not an inch of track was to be on Welsh soil. Now Welsh benefits are claimed for a third runway at Heathrow | Jeremy Brookman

@bylines.cymru",106,33,7,2025-02-15T01:00:23.532Z
2025,February 2025,HS2,bylinesnetwork.co.uk,"HS2 was deemed an ‚ÄòEngland and Wales‚Äô project when not an inch of track was to be on Welsh soil. Now Welsh benefits are claimed for a third runway at Heathrow | Jeremy Brookman

@bylines.cymru",91,45,8,2025-02-15T21:18:14.598Z
2025,February 2025,HS2,mikegalsworthy.bsky.social,‚ÄúHS2 was deemed an ‚ÄòEngland and Wales‚Äô project when not an inch of track was to be on Welsh soil. Now Welsh benefits are claimed for a third runway at Heathrow.‚Äù,299,98,17,2025-02-17T08:53:11.585Z
2025,February 2025,New Hospital Programme,marbleicehook.bsky.social,"Vera Angi (Veronika Pap) ‚Äì interestingly, even Anglophone releases adopted the title's Hungarian name order ‚Äì is an 18-year-old nurse, whose outspokenness about working conditions makes her an ideal choice for an indoctrination programme instituted by the then-new postwar Communist government.",0,0,1,2025-02-19T09:01:37.144Z
2025,March 2025,HS2,planningtransport.co.uk,The project was woefully mismanaged by the Tories. But leaving it as a London to Birmingham route fails to realise the bulk of the benefits. www.cityam.com/hs2-is-beyon...,75,14,4,2025-03-02T08:07:47.138Z
2025,March 2025,HS2,slowbikeiain.bsky.social,"The average speed of a train from Manchester to London is 89mph. It takes around 135 minutes to cover 200 miles. HS2 was planned to make that faster.

The average speed of a train from Manchester to Leeds is just 44mph.

That's why we need Northern Powerhouse Rail.",60,14,7,2025-03-03T16:35:07.621Z
2025,March 2025,New Hospital Programme,robjimfleming.bsky.social,"NEW SAS content!

Updated language in the BMA ""doctors titles explained"" webpage, better reflecting what a career as a SAS doctor should look like, and what the contract structure is.

www.bma.org.uk/advice-and-s...",6,3,0,2025-03-03T17:17:16.242Z
2025,March 2025,New Hospital Programme,clivejonesmp.bsky.social,"Today, patients and staff from the Royal Berks Hospital joined me for a meeting with the Minister responsible for the New Hospital Building Programme, ensuring their voices were heard on the delay.

I will continue to fight for those affected, and for an earlier hospital rebuild.",8,1,0,2025-03-12T20:18:44.095Z
2025,March 2025,New Hospital Programme,clivejonesmp.bsky.social,"BBC South Today televised my meeting with the Minister responsible for the New Hospital Building Programme, where I was joined by staff and patients from the Royal Berks.

It is crucial for the Government to hear the concerns of those most affected by the hospital rebuild delays.",5,3,0,2025-03-13T13:31:32.123Z
2025,March 2025,Sizewell C,drpauldorfman.bsky.social,"""All six EPR nuclear reactors ‚Äî the type proposed for Sizewell C on the Suffolk coast ‚Äî have been significantly late and over budget. Hinkley Point C‚Äôs budget has already doubled and the project is four to six years late, with another four to six years still to go.""
www.ft.com/content/0625...",16,7,4,2025-03-18T10:53:48.488Z
2025,March 2025,HS2,gsoh31.bsky.social,"Always remember that Britain chose to make things this hard. It ejected itself from the EU, left the Single Market, bodged up a rubbish trade deal, cancelled HS2 and told paying students they weren't wanted. The country has chosen the steepest, rockiest, most difficult path. üá¨üáß",458,130,28,2025-03-19T08:22:51.420Z
2025,March 2025,Sizewell C,drpauldorfman.bsky.social,"""The blindingly obvious thing to give up is Sizewell C new nuclear. The Treasury already despises the nuclear industry, deep down, after literally decades of its over-claiming and under-performing. So give them some red meat.""

jonathonporritt.com/poor-old-ed-...",21,7,4,2025-03-20T08:42:24.566Z
2025,March 2025,Sizewell C,drpauldorfman.bsky.social,"EDF reduces stake in Sizewell C nuclear to 7.7 % leaving UK government with 83.8% share. France reduces its investment, UK taxpayers will foot the bill ‚Äì a tough pill to swallow as chancellor slashes public funding. 

www.tortoisemedia.com/2025/03/26/f...",19,11,1,2025-03-29T08:28:26.779Z
2025,April 2025,HS2,politicshome.bsky.social,"‚ÄúYou could see in his [Starmer's] eyes that he gets it""

Louis Mosley, UK chief of tech firm Palantir, talks to @sophiealichurch.bsky.social about how his company is using AI to help make the NHS, MoD & HS2 more efficient

""We are just at the beginning,"" says Louis, grandson of Oswald, nephew of Max",64,33,51,2025-04-05T09:07:57.342Z
2025,April 2025,Sizewell C,dougparr.bsky.social,"And in case you‚Äôre thinking ‚Äòwe‚Äôve got to take expensive action on climate‚Äô:

‚Äú[In] getting the biggest bang for the UK‚Äôs limited bucks, every pound of taxpayers‚Äô money spent on Sizewell C is a pound lost to alternative quicker, cheaper clean energy projects‚Äù

www.telegraph.co.uk/business/202...",51,19,1,2025-04-05T11:28:43.000Z
2025,April 2025,Sizewell C,dougparr.bsky.social,"Sizewell C will be ""formally approved"" in June, whatever that means, as ""the level of private investment remains unclear""

And without private investment it isn't happening

It will take a massive bribe of the private sector to lend the money

www.thetimes.com/article/05d5...",37,14,7,2025-04-10T09:24:11.699Z
2025,April 2025,Sizewell C,dalevince.com,"Sizewell C being completed in ten years for ¬£20 billion is extreme BS. The Financial Times has quoted sources putting the figure at ¬£40bn.
¬†
And SMRs being potentially faster and cheaper to build - is an empty counter intuitive statement - where‚Äôs the evidence? 

buff.ly/thzRtcS",36,15,2,2025-04-10T13:51:42.115Z
2025,April 2025,HS2,trufflehog.bsky.social,"No HS2, 50% rise in bus fares, and the Great British Driver gets another treat. 

This is maybe the dumbest, pettiest thing I've seen yet. Why are they like this?",373,95,34,2025-04-16T08:05:18.190Z
2025,April 2025,New Hospital Programme,oxfordclarion.bsky.social,"In Oxford City, the MPs say the Warneford Hospital operates out of buildings dating back to the Georgian period. Building a new mental health hospital would cost significantly less than a physical health hospital, yet the project has not been included in the government's New Hospital Programme.",4,3,2,2025-04-23T09:27:10.845Z
2025,April 2025,New Hospital Programme,libdems.org.uk,"The Government has voted down the Liberal Democrats opposition day motion which would have reversed delays to the New Hospital Programme.

Our motion would have reversed these days. Both Labour and the Conservatives failed to back it.",28,14,3,2025-04-23T18:12:40.896Z
2025,April 2025,New Hospital Programme,leedillonmp.bsky.social,"Wednesday was Liberal Democrat Opposition Day in Parliament, where we raised critical issues like crumbling NHS buildings, delays in the New Hospital Programme, and the need for action to secure a sustainable future for our health services. We continue to push for change.",12,3,0,2025-04-25T16:21:17.154Z
2025,April 2025,HS2,beany.bsky.social,"So the Tories, who ruled out the single market & customs Union, who ruled out having a pandemic task force to save money, who ruled our following govt. procurement rules during Covid, who ruled out HS2 despite the country needing major investment‚Ä¶won‚Äôt rule out cosying up to racist nationalists?",156,61,18,2025-04-27T08:48:25.786Z
2025,May 2025,HS2,anonopin.bsky.social,HS2 was only a disaster because some idiot put 'speed' right there in the name. Speed was never the issue. It would have cost half as much if you didn't plough through the fucking Chilterns just to save 10 minutes journey time.,57,0,13,2025-05-01T21:55:02.396835+01:00
2025,May 2025,New Hospital Programme,bharchives.bsky.social,"We're very pleased to share five new research guides, researched by @qmul.ac.uk students as part of the #qHeritage knowledge exchange programme!
The guides cover schools of nursing, physiotherapy and radiotherapy, & historic admission processes at the London Hospital. 
Find them at shorturl.at/j6jNJ",10,1,0,2025-05-02T15:45:38.937Z
2025,May 2025,Sizewell C,robertbohan.bsky.social,"I see that austerity & cuts are critical to the UK Labour Party.

Fun fact: Hinkley Point C nuclear power plant will cost at least ¬£46 billion. And the lobbyists are looking for another environmentally disastrous one at Sizewell/Sellafield. And they‚Äôre getting them!",31,8,5,2025-05-06T11:05:30.984Z
2025,May 2025,New Hospital Programme,centreformh.bsky.social,"By investing in what works, the Government can turn the tide on poor mental health. 
With @nhsconfed.org's Mental Health Network, we've set out six key areas for investment, backed by economic evidence, which would boost the nation‚Äôs mental health üëá 
tinyurl.com/ypjusv3z #InvestInMentalHealth",6,5,0,2025-05-07T07:22:12.274Z
2025,May 2025,Sizewell C,john-fielding.bsky.social,Sizewell C aerial image - construction & destruction on the Suffolk coast #SizewellC #aerial #image #Suffolk #Coast #aerialphotography,8,0,1,2025-05-11T07:38:11.751Z
2025,May 2025,Sizewell C,sayno2sizewellc.bsky.social,"Prof Steve Thomas ""these projects [Sizewell C & SMRs] represent poor value for money and will do little to help UK achieve its legally binding target of net zero greenhouse gas emissions by 2050.""
papers.ssrn.com/sol3/papers....
#SayNo2SizewellC",4,3,0,2025-05-15T20:41:32.767Z
2025,May 2025,New Hospital Programme,pydatalondon.bsky.social,"Tony Mears, an NHS Director in strategy & innovation, authored ‚ÄòInnovation is Dead‚Äô to boost public sector innovation. Previously, he led tech strategy and EU Exit talks at the UK Space Agency (UN delegate) and was deputy director of innovation for a new hospital programme.",1,1,1,2025-05-20T13:22:57.480Z
2025,May 2025,HS2,edwinhayward.com,"China's high speed train from Beijing to Shanghai is a journey of over 800 miles, 200 miles further than from Land's End to John o'Groats.

It covers that vast distance in a little over 4 hours.

It was built in 3 years, between April 2008 and June 2011.

Puts HS2 into context, don't you think?",191,51,17,2025-05-25T20:32:55.215Z
2025,May 2025,HS2,jamesomalley.co.uk,"Why I still believe in HS2 (FREE TO READ!)

takes.jamesomalley.co.uk/p/why-i-stil...",62,17,10,2025-05-30T17:11:57.399Z
2025,June 2025,Sizewell C,dalevince.com,"Last friday night ‚ÄòStop Sizewell C‚Äô grabbed some attention by projecting a series of messages onto Sizewell B‚Äôs dome.¬†Sizewell C would be a colossal waste of money - at least ¬£40 billion for the most expensive electricity we‚Äôve ever seen.

buff.ly/md8atmF",120,41,11,2025-06-09T19:03:36.393Z
2025,June 2025,Sizewell C,peterstefanovic.bsky.social,"Sizewell C power station to be built as part of UK‚Äôs ¬£14bn nuclear investment

Ed Miliband promises to ‚Äòget Britain off the fossil fuel rollercoaster‚Äô with new plant expected to create 10,000 jobs

www.theguardian.com/business/202...",141,24,33,2025-06-10T06:11:25.813Z
2025,June 2025,New Hospital Programme,shaunlintern.bsky.social,"Ahead of the #spendingreview today watch out for news on the NHS capital budget...if it is held flat in real-terms as expected it poses big challenges, not least for the New Hospital Programme. Unless Govt is to try and do PFI 2.0 #nhsconfedexpo

From The Sunday Times:",11,4,2,2025-06-11T09:50:47.844Z
2025,June 2025,New Hospital Programme,monabaie.bsky.social,"Join us next month in Fribourg for our conference Medical Spaces in Cultural Studies, Architecture, Literature: Transdisciplinary Perspectives, generously funded by the @snf-fns.ch. With presentations by @annmarieadams.bsky.social, @marcakeller.bsky.social, and many more!",4,4,0,2025-06-17T09:39:26.849Z
2025,June 2025,HS2,bladeofthes.bsky.social,"HS2, a train that travels only 120 miles on Earth, was more expensive than the International Space Station which took 10 years and 15 countries to build.  

In Space.",258,84,10,2025-06-18T11:08:09.156Z
2025,June 2025,HS2,bladeofthes.bsky.social,"High speed rail built in China in 12 years.  

HS2 started in 2009 it won‚Äôt be finished till 2042 and will be 8x more expensive than any other Railway in the world at more than ¬£500,000,000 per mile.  

It‚Äòs one huge scam.",322,113,20,2025-06-18T11:08:27.892Z
2025,June 2025,Sizewell C,edwinhayward.com,"Labour:
- We found ¬£16 billion for housing
- We're pouring tens of billions into Sizewell C
- We greenlit umpteen billion more for the HS2 black hole
etc. etc.

Also Labour:
- No, we're still dead set on hurting vulnerable people and people with disabilities to save a few billion. Full steam ahead.",165,54,8,2025-06-18T18:26:35.542Z
2025,June 2025,HS2,13sarahmurphy.bsky.social,"The excruciating HS2 farce sums up what happens when you vote for unserious people - who bang on brainlessly about sovereignty and control - but aren‚Äôt up to the hard yards of actually governing and taking responsibility.
Years of unrelenting uselessness.

liveapp.inews.co.uk/category/375...",348,98,23,2025-06-19T06:37:17.804Z
2025,June 2025,New Hospital Programme,gnommunist.bsky.social,@itvnews.bsky.social  is run by israeli fuck boys.  fix this now you fucken genocidal freaks,4,3,0,2025-06-19T13:21:53.732Z
2025,July 2025,HS2,garethdennis.uk,"REMINDER: HS2, delivered in full, was the most effective single investment to reduce the UK's emissions.

The last government cancelled it, this government doubled down. Until they reverse the cancellation, Labour cannot be taken seriously on the climate.",545,127,17,2025-07-14T05:58:15.041Z
2025,July 2025,New Hospital Programme,strategyunit.bsky.social,"We‚Äôre delighted our open-source demand model - developed in collaboration with New Hospital Programme has been named the winner of the Florence Nightingale Award for Excellence in Health and Care Analytics üéâ

www.strategyunitwm.nhs.uk/news/strateg...

#HealthAnalytics #OpenSource #DataSavesLives",8,4,1,2025-07-16T14:27:09.099Z
2025,July 2025,New Hospital Programme,healthfoundation.bsky.social,"Congratulations to @strategyunit.bsky.social‚Äã‚Ä¨ and the New Hospital Programme, winners of @royalstatsoc.bsky.social‚Äã's and our Florence Nightingale Award 2025, for developing a model for forecasting future demand on hospital and community services. 

Find out more ‚¨áÔ∏è
https://bit.ly/4nW7i7i",5,2,1,2025-07-16T15:30:04+00:00
2025,July 2025,Sizewell C,mliebreich.bsky.social,We were told nuclear's cost problem resulted from not building enough reactors to the same design. Sizewell C - if it goes ahead - would be the 7th and 8th of EDF's EPR design. Any ecomodernists out there want to hazard a guess as to what N is needed to deliver Nth-of-a-kind cost savings?,135,58,20,2025-07-19T20:08:03.309Z
2025,July 2025,Sizewell C,aellalabrys.bsky.social,"""Die britische Regierung wird voraussichtlich in den kommenden Tagen bekannt geben, dass die Investitionen f√ºr das geplante Atomkraftwerk Sizewell C in der Grafschaft Suffolk auf rund 44 Milliarden Euro steigen, berichtet die Financial Times""

Atomkraft ist g√ºnstig ü§°

winfuture.de/news,152437....",171,55,15,2025-07-23T20:23:04.685Z
2025,July 2025,New Hospital Programme,stu-mcmillan-msp.bsky.social,"üè• New investment into frontline NHS frailty services will include expanding the Hospital at Home programme - which saved the NHS at least ¬£55m last year.
  
üíõ This shows @snp.org determination to improve health outcomes, tackle delayed discharge & get patients the right care in the right place.",5,6,0,2025-07-25T13:07:22.340Z
2025,July 2025,HS2,13sarahmurphy.bsky.social,"The right gave us austerity, they broke social care, they fucked up our public services, they couldn‚Äôt deliver HS2, they created a prison and a justice crisis, scapegoated immigrants, dumped us in a brexity dead end and now whip up riots on our streets to dodge being held to account for any of it.",445,119,17,2025-07-26T08:45:56.533Z
2025,July 2025,Sizewell C,mikellner.bsky.social,"F√ºr alle Atomfans da drau√üen: Die geplanten Kosten f√ºr das Atomkraftwerk Sizewell in Gro√übritnnien C steigt von 20 auf 38 Mrd. Pfund. Da lobe ich mir Wind, Sonne und Batteriespeicher. Um ein vielfaches g√ºnstiger und wirklich nachhaltig. 

www.ft.com/content/c858...",167,39,4,2025-07-26T19:52:44.452Z
2025,July 2025,HS2,lewisgoodall.com,"The bullet train in üáØüáµ-as glorious as everyone says. A reminder the Japanese built their first high speed train for the 1964 Olympics and it became national by the 80s. They‚Äôre now building Maglevs (floating trains). 

Meanwhile in üá¨üáß we can‚Äôt be sure we‚Äôll connect HS2 to Euston. Pathetic.",2435,483,156,2025-07-28T06:13:17.387Z
2025,August 2025,New Hospital Programme,rcoanews.bsky.social,"üì£The 6th PQIP report is out now! @rcoa-cri.bsky.social 

Sustained improvements since 2016 in key areas of perioperative care:

üîπFall in moderate & severe anaemia 
üîπIncreased use of TXA 
üîπIncreased rates of DrEaMing within 24 hours of surgery

Read more üëâ rcoa.ac.uk/news/new-pqi...

#medsky #ansky",2,0,0,2025-08-01T12:54:54.527Z
2025,August 2025,Sizewell C,wblau.bsky.social,"Financial Times: ‚ÄúSizewell C nuclear plant costs could hit ¬£100bn including financing, modelling shows‚Äù
file under: most expensive form of electricity ever.",76,47,4,2025-08-02T15:14:27.078Z
2025,August 2025,Sizewell C,andybrown1951.bsky.social,Sizewell C is a worse scandal than HS2. Over priced vanity project. You could put a battery into 50 million building for this money and cut the need for peak power generation by a third whilst cutting bills and saving CO2. This puts up bills and leaves a huge pollution legacy.,68,41,5,2025-08-03T07:08:35.935Z
2025,August 2025,Sizewell C,catrio.bsky.social,"@michaelshanksmp.co.uk 

Can you explain the fiscal rules behind this ?

Berwick Bank wind farm 
Power 6 million homes cost ¬£3.76 billion

Sizewell C nuclear 
Power 6 million homes cost ¬£100 billion",67,39,8,2025-08-03T07:37:24.060Z
2025,August 2025,HS2,garethdennis.uk,"This is what HS2 was going to fix: capacity on core routes being at such a premium that we are reducing, not increasing, bike provision. And now, thanks to this government, things are going to get worse, not better.",113,19,3,2025-08-12T17:27:13.638Z
2025,August 2025,New Hospital Programme,roads.org.uk,"A few years ago Somerset began a programme of restoration works on the county's many, varied and handsome rural fingerposts. We took a tour to see ancient signs both tired and refurbished. #somerset www.roads.org.uk/blog/somerse...",8,0,0,2025-08-14T17:41:09.891Z
2025,August 2025,New Hospital Programme,news.rte.ie,Minister for Health Jennifer Carroll MacNeill has repeated concerns about the ability of builders BAM to meet their programme to complete the new national children's hospital,4,2,0,2025-08-27T14:12:18.913Z
2025,August 2025,HS2,josiahmortimer.bsky.social,"Reform say the would ""cancel"" HS2 in 2029, supposedly saving billions. Except, as you can see, it's already well under construction.

So they would, in practice, just be leaving massive unusable craters across the country. They never seem to be called out on this.
www.ianvisits.co.uk/articles/hs2...",322,102,10,2025-08-27T19:05:31.883Z
2025,August 2025,HS2,anonopin.bsky.social,"Interesting that there were no apologies from all the people who said that the Elizabeth Line would be a white elephant and a total waste of money. Despite this, we've allowed their opinions to ruin HS2 and basically guarantee it's failure ",205,22,13,2025-08-30T17:55:05.342482+00:00
2025,September 2025,HS2,jonworth.eu,Via @padders123.bsky.social - a Labour MP wants to build a Eurostar terminal in Leeds www.yorkshirepost.co.uk/news/opinion... But without HS2 going to Leeds. How is this supposed to work? Am I missing some crucial bit of info? Or is this just silly? #CrossChannelRail,51,10,18,2025-09-02T18:53:51.316Z
2025,September 2025,New Hospital Programme,viviane49.bsky.social,"Despite a tumultuous first week back Labour continue to meet manifesto pledges (16 now) with more underway and make some fabulous new announcements. Including 300 more nurseries and Martha‚Äôs Law, pivotal to so many. üëèüëèüëè",49,13,3,2025-09-05T04:26:19.829Z
2025,September 2025,Sizewell C,drpauldorfman.bsky.social,"So corporations take the profit, and the public pay the bills.
'Sizewell C #nuclear power plant allows investors to receive revenue during construction... the allowed revenue is ultimately recovered from customers via their utility bills' ...
www.slaughterandmay.com/insights/new...",18,13,2,2025-09-06T09:53:51.353Z
2025,September 2025,New Hospital Programme,warrenoates1.bsky.social,"The first 43 areas will set their new neighbourhood health services from start to be set up from today, targetting areas with the lowest life expectancy & longest waits, as part of the shift of care from the hospital to the community.

Each area will get a will be allocated a programme lead...

1/3",36,15,1,2025-09-09T16:44:18.407Z
2025,September 2025,New Hospital Programme,rachelcoldicutt.bsky.social,This is good on the challenges of AI implementation even in very applied contexts on.ft.com/460us5w (and good to see @mustbemistry.bsky.social quoted here on the use of AI in radiology),11,4,3,2025-09-11T06:05:48.198Z
2025,September 2025,HS2,showerabsolute.bsky.social,"HS2's Colne Valley Viaduct, now Britain's longest railway bridge, with elegant 80m arches over the lakes, designed by Grimshaw Architects. They provide the first three pix. Not shown: the 4m noise barriers that I bet didn't stop a single NIMBY complaint, but do now remove any view from the train.",118,16,5,2025-09-14T13:33:53.637Z
2025,September 2025,Sizewell C,dougparr.bsky.social,"CODA

News also out that Sizewell C alone will be adding around 2-2.5% to business energy bills 

www.ft.com/content/30d3...",26,13,0,2025-09-15T08:15:52.310Z
2025,September 2025,HS2,theguardian.com,King made more than ¬£1m selling land for leg of HS2 that was scrapped,57,28,20,2025-09-20T16:19:35Z
2025,September 2025,Sizewell C,drpauldorfman.bsky.social,"New Sizewell C #nuclear boss says 'The Simpsons' created a negative impression around nuclear.
Apparently, Mr Burns is depicted as evil, devious and greedy ...
www.eadt.co.uk/news/2548190...",19,5,6,2025-09-21T09:05:05.996Z
2025,October 2025,HS2,wonkish.bsky.social,"The fucking audacity of these people, who managed to make HS2 much more expensive, slower to build, and worse to ride, by demanding it was tunnelled, complaining that even having to see construction at all is ‚Äúcruel‚Äù and ‚Äúdisgusting‚Äù.",51,11,0,2025-10-02T12:44:54.517Z
2025,October 2025,HS2,dsquareddigest.bsky.social,"Could someone at the FT just remind the subs that there is no such thing as a ""bat tunnel""; there is an above ground structure. The tunnels which added so much to the cost of HS2 are entirely because of Chilterns homeowners and their elected representatives, not bats
www.ft.com/content/d319...",95,31,5,2025-10-13T16:43:55.909Z
2025,October 2025,New Hospital Programme,peterprinsleymp.bsky.social,"Great visit to West Suffolk Hospital today to meet with the Chief Executive and hear the latest on the new hospital programme. 

The team is working hard to deliver modern, high-quality facilities for patients and staff. #NHS",4,1,0,2025-10-17T17:00:14.681Z
2025,October 2025,Sizewell C,dougparr.bsky.social,"4a/x

Just as an aside I am mystified why the National Wealth Fund is lending ¬£36bn to Sizewell C (which is not essential for meeting climate or Clean Power 2030 targets) but there seems to be some difficulty with the idea of using it for offshore wind (essential for both)

Maddening",39,6,1,2025-10-23T08:29:38.617Z
2025,October 2025,New Hospital Programme,lesmartin.bsky.social,"Theres a new hospital programme starting soon on TV. Its about people who fall over on their elbows and knees. Its called ""Graze Anatomy""",4,0,1,2025-10-24T07:45:01.969Z
2025,October 2025,HS2,anonopin.bsky.social,"Never mind the HS2 shitshow, it's a national humiliation that so little of our existing railway network is electrified.",120,4,8,2025-10-24T14:55:05.634176+00:00
2025,October 2025,Sizewell C,pedrofresco.bsky.social,"1/No me parece que @elpais.com ni @rafademiguel.bsky.social hayan sabido transmitir el enorme desastre energ√©tico que supone apostar por Sizewell C despu√©s del desastre econ√≥mico que est√° suponiendo Hinkley Point C
El gobierno brit√°nico se va a gastar 20.000 millones de ‚Ç¨
elpais.com/economia/neg...",62,23,2,2025-10-26T09:00:31.264Z
2025,October 2025,Sizewell C,pedrofresco.bsky.social,"1/Ya lo he comentado alguna vez, pero con los 50.000 millones de ‚Ç¨ de Sizewell C (3,2 GW, 25 TWh/a√±o),yo en Espa√±a har√≠a lo siguiente:
-25 GW solares con 100 GWh de almacenamiento en bater√≠as ---> 25.000 M‚Ç¨
-16 GW e√≥licos ---> 16.000 M‚Ç¨
-6 GW de bombeos usando embalses existentes--> 9.000 M‚Ç¨.
Con..",68,22,2,2025-10-26T11:18:10.113Z
2025,October 2025,New Hospital Programme,cancovsoc.bsky.social,"La Conf√©rence internationale sur la covid longue 2025 aura lieu dans 3 semaines. Conf√©renciers et experts partageront des perspectives novatrices. Tarif r√©duit pour les patients (en ligne).
S'inscrire :
G√©n√©ral : amededu.co/47cQW3M
Patients : virology.eventsair.com/long-covid-i...  
#LongCOVIDIntl",6,1,1,2025-10-31T17:40:43.544Z
2025,November 2025,HS2,mjrobbins.com,"My latest: Move over bat tunnel, here‚Äôs the wild story of how HS2 were forced to build a multi-million pound bridge for a road that‚Ä¶  doesn‚Äôt actually exist.",296,97,21,2025-11-03T07:16:51.084Z
2025,November 2025,Sizewell C,dalevince.com,"Something that is never factored into the published cost of nuclear energy, a near century long clean up. We pay for this. Current bill, ¬£120 billion and climbing. Sizewell C will be just more of the same. Expensive power and a toxic legacy for thousands of years. 

buff.ly/fvUNHbs",79,40,7,2025-11-06T13:44:51.338Z
2025,November 2025,HS2,garethdennis.uk,LET'S GO üè≥Ô∏è‚Äç‚ößÔ∏è,150,17,3,2025-11-08T10:51:37.337Z
2025,November 2025,New Hospital Programme,warrenoates1.bsky.social,"""A generation of new hospitals has been built, entirely new services created, and long waits eliminated""

""As we complete our once-ina-generation programme of hospital building, we will refocus capital investment on primary & community services""

3/6",7,1,1,2025-11-18T14:02:21.668Z
2025,November 2025,New Hospital Programme,adamrogalewski.bsky.social,Today @epsu.bsky.social and @hospeem.bsky.social adopted a new  joint work programme of the European Sectoral Social Dialogue for the Hospital and Health Sector. We are looking forward to implementing our programme to support health care workers in Europe.,2,3,0,2025-11-21T09:51:39.217Z
2025,November 2025,New Hospital Programme,hqip.bsky.social,"Did you see‚ùì New report on #stroke care from Sentinel Stroke National Audit Programme (SSNAP) @kingscollegelondon.bsky.social @hqip.bsky.social NHSE, which shows increasing delays are still evident from the time of stroke onset to hospital arrival.",0,0,1,2025-11-25T09:44:58.184Z
2025,November 2025,Sizewell C,dalevince.com,Big move in the budget to lower energy bills by ¬£1bn a year - by scrapping the energy efficiency tax. It‚Äôs welcome. But it comes in the same month that a new tax was added to our energy bills - a nuclear tax to pay for Sizewell C - and it‚Äôs also ¬£1bn. Kinda standing still aren‚Äôt we..:),50,29,3,2025-11-28T15:00:31.848Z
2025,November 2025,HS2,eurostarjustin.bsky.social,Maybe we should build HS2 in full and increase capacity on the network. It was never just about speed.,158,37,6,2025-11-29T11:48:25.346Z
2025,November 2025,Sizewell C,torstenbell.bsky.social,"If you prefer your investment big and tangible, we are supporting the expansion of Heathrow and Gatwick airports, plus the construction of Sizewell C",50,7,13,2025-11-30T12:00:20.664Z
2025,December 2025,HS2,qagggy.bsky.social,"High speed rail is a non-trivial effort with massive construction impacts and steep costs but it's never going to be cheaper, so governments should really start a semi-permanent program of building the most obvious corridors...or are we just going to keep flying from Seattle to Portland forever?",196,21,7,2025-12-01T20:37:14.732Z
2025,December 2025,New Hospital Programme,johnslingermp.bsky.social,"We have the tools to end HIV.

The government's new HIV strategy includes home testing kits via the NHS app, anti-stigma training for hospital staff, and a national programme to support people accessing life-saving treatment.",2,0,0,2025-12-04T09:54:43.640Z
2025,December 2025,New Hospital Programme,nihrarcs.bsky.social,"#ARCadvent day 5Ô∏è‚É£:

A new programme developed to help parents in psychiatric hospital stay connected with their children addresses a critical gap in #MentalHealth services. 

The programme was funded by @arckss.bsky.social and is the first of its kind in the UK.

arc-kss.nihr.ac.uk/news/new-pro...",3,2,0,2025-12-05T07:07:51.393Z
2025,December 2025,HS2,anonopin.bsky.social,"If HS2 was a motorway, it would have been built by now! But because new rail projects are minutely analysed with this ""value for the taxpayer"" nonsense. If road building was held to the same level of scrutiny, a sizable amount of the road network would still be cart tracks.",212,39,15,2025-12-12T22:55:06.165647+00:00
2025,December 2025,Sizewell C,drpauldorfman.bsky.social,"The deal to build the Sizewell C, two #nuclear reactors using the European Pressurised Reactor (EPR) design, using the Regulated Asset Base (RAB) finance model was inevitably a bad one for the UK public.
policybrief.org/briefs/sizew...",12,2,2,2025-12-13T11:49:19.610Z
2025,December 2025,New Hospital Programme,richard.hebditch.org,"16 new inquiries from the Commons' Public Accounts Committee. Including environmental regulation, regulating for growth and unlocking land for housing. Should be a busy new year for consultation response writing with new NPPF as well...
committees.parliament.uk/committee/12...",1,1,0,2025-12-15T09:23:36.396Z
2025,December 2025,Sizewell C,drpauldorfman.bsky.social,"Pointless tech.
HS2
Hinkley Point
Sizewell C
www.theguardian.com/news/ng-inte...",12,4,2,2025-12-16T15:08:29.956Z
2025,December 2025,Sizewell C,oxfordarchaeology.bsky.social,"Soft spot for scrapers? Batty about burins? Loopy for a laurel leaf?

If this sounds like you, you'll be thrilled to learn that #OCAArchTeam excavations, ahead of Sizewell C, have uncovered abundant evidence of stone tool use through the Neolithic and Early Bronze Age",432,54,6,2025-12-17T08:57:07.694Z
2025,December 2025,HS2,garethdennis.uk,"Remember when HS2 to Leeds was cancelled by the NIC's shitty maths and fundamental lack of expertise, and Leeds was thrown the bone of ""you'll get trams"" and I said those would never be delivered? 

Yeah, as I was saying...",472,166,33,2025-12-18T01:25:52.713Z
